Seed,Final Return,Evaluations
1,0.8100833,2560
2,0.89316666,2560
3,0.8118333,2560
4,1.0,2304
5,0.53125,2560
